{
    "prototypes": [
		{
            "id" : "p1",
			"name" : "Enterprise Mobile1 ",
            "categoryUrl" : "../../assets/images/label.png",
			"app_icon":"assets/images/library_icons/kony_music_ retail_icon.png",
			"category": "Mobile",
            "domain" : "Insurance",
            "uploadDate": "12/01/2017",
            "rating": 3,
            "ratingUrl":"../../assets/images/star3.png",   
            "accronym": "EM",
            "popularity": 5,         
			"title" : "Kony SounDigital",
			"industry" :"P&R",
            "shortDescription" : "One stop e-store store for all your music needs",
            "description" : "Kony SounDigital brings to you the complete music store at great prices. This application lets the user explore the world of music accessories, compare them and buy them without a hassle. This application ensures a smooth shopping experience with spectrum of special offers exclusively for the user.",
            "thumbnail_url" :"",
            "playstore_url" :"",
            "ios_url" : "",
            "platform":"",
            "screenshots": [
                        "../../assets/images/kony music retail/Screenshot_2017-08-29-11-59-20-333_com.kony.FunctionPreviewApp.png",
                        "../../assets/images/kony music retail/Screenshot_2017-08-29-11-59-32-071_com.kony.FunctionPreviewApp.png",
                        "../../assets/images/kony music retail/Screenshot_2017-08-29-11-59-57-687_com.kony.FunctionPreviewApp.png",
                        "../../assets/images/kony music retail/Screenshot_2017-08-29-12-00-16-925_com.kony.FunctionPreviewApp.png",
                        "../../assets/images/kony music retail/Screenshot_2017-08-29-12-00-24-400_com.kony.FunctionPreviewApp.png",
                        "../../assets/images/kony music retail/Screenshot_2017-08-29-12-00-31-254_com.kony.FunctionPreviewApp.png"
                    ]
        },
        {
            "id" : "p2",
            "name" : "Enterprise Mobile2 ",
            "categoryUrl" : "../../assets/images/label.png",
            "app_icon":"assets/images/library_icons/insurance_app_icon.png",
            "category": "Mobile",
            "domain" : "Insurance",
            "uploadDate": "12/01/2017",
            "rating": 3,
            "ratingUrl":"../../assets/images/star3.png",   
            "accronym": "EM",
            "popularity": 2,         
            "title" : "Verti",
            "industry" :"P&R",
            "shortDescription" : "One stop e-store store for all your music needs",
            "description" : "Kony SounDigital brings to you the complete music store at great prices. This application lets the user explore the world of music accessories, compare them and buy them without a hassle. This application ensures a smooth shopping experience with spectrum of special offers exclusively for the user.",
            "thumbnail_url" :"",
            "playstore_url" :"",
            "ios_url" : "",
            "platform":"",
            "screenshots": ["assets/images/insurance app/Screenshot_2017-08-29-12-00-57.png",
                        "assets/images/insurance app/Screenshot_2017-08-29-12-01-11.png",
                        "assets/images/insurance app/Screenshot_2017-08-29-12-01-42.png",
                        "assets/images/insurance app/Screenshot_2017-08-29-12-02-19.png",
                        "assets/images/insurance app/Screenshot_2017-08-29-12-02-29.png",
                        "assets/images/insurance app/Screenshot_2017-08-29-12-02-29.png"]
        },
        {
            "id" : "p3",
            "name" : "Enterprise Mobile5 ",
            "categoryUrl" : "../../assets/images/label.png",
            "app_icon":"../../assets/images/library_icons/chatbot_icon.png",
            "category": "Bots",
            "domain" : "Restaurant",
            "uploadDate": "12/01/2017",
            "rating": 3,
            "ratingUrl":"../../assets/images/star3.png",   
            "accronym": "AI",
            "popularity": 5,         
            "title" : "Restaurant Chatbot",
            "industry" :"AI",
            "shortDescription" : "Chatbot to reserve a table based on your preference or from the list of suggestions.",
            "description" : "A chatbot is a computer program which conducts a conversation via auditory or textual methods.Such programs are often designed to convincingly simulate how a human would behave as a conversational partner, thereby passing the Turing test. Chatbots are typically used in dialog systems for various practical purposes including customer service or information acquisition. Some chatterbots use sophisticated natural language processing systems, but many simpler systems scan for keywords within the input, then pull a reply with the most matching keywords, or the most similar wording pattern, from a database.",
            "thumbnail_url" :"",
            "playstore_url" :"",
            "ios_url" : "",
            "platform":"",
            "screenshots": [
                 "assets/images/bots/sample_1.png",
         "assets/images/bots/sample_2.png",
         "assets/images/bots/sample_3.png",
         "assets/images/bots/sample_4.png"
         ]
        },
        {
            "id" : "p4",
            "name" : "Chatbox ",
            "categoryUrl" : "../../assets/images/label.png",
            "app_icon":"../../assets/images/library_icons/chatbox_icon.png",
            "category": "Bots",
            "domain" : "Insurance",
            "uploadDate": "12/01/2017",
            "rating": 3,
            "ratingUrl":"../../assets/images/star3.png",   
            "accronym": "AI",
            "popularity": 4,         
            "title" : "Small Talk Chatbot",
            "industry" :"AI",
            "shortDescription" : "Chatbot to reserve a table based on your preference or from the list of suggestions.",
            "description" : "A chatbot is a computer program which conducts a conversation via auditory or textual methods.Allow your app to engage in small talk about a variety of topics.",
            "thumbnail_url" :"",
            "playstore_url" :"",
            "ios_url" : "",
            "platform":"",
             "screenshots": [
                    "assets/images/bots/sample_1.png",
         "assets/images/bots/sample_2.png",
         "assets/images/bots/sample_3.png",
         "assets/images/bots/sample_4.png"
                    ]
        },
        {
            "id" : "p5",
            "name" : "Enterprise Mobile 3 ",
            "categoryUrl" : "assets/images/library_category_icons/fw_label_icon.png",
            "app_icon":"assets/images/library_icons/Kony_airlines_icon.png",
            "category": "Tablet",
            "domain" : "Insurance",
            "uploadDate": "12/01/2017",
            "rating": 1,
            "ratingUrl":"assets/images/star.png",   
            "accronym": "IOT",
            "popularity": 2,         
            "title" : "Kony Airlines",
            "industry" :"Travel",
            "shortDescription" : "Flight booking - made simple. And cheaper, with special offers",
            "description" : "Booking flight tickets, checking flight status, getting boarding passes and all the other activities that make travel a hassle, delivered straight to your phone in a fluidic interface along with exclusive flight deals and special offers available for app users.",
            "thumbnail_url" :"",
            "playstore_url" :"",
            "ios_url" : "",
            "platform":"",
            "screenshots": [  "assets/images/Kony airlines/Screenshot_2017-08-29-12-17-53-689_com.kony.FunctionPreviewApp.png",
         "assets/images/Kony airlines/Screenshot_2017-08-29-12-17-59-162_com.kony.FunctionPreviewApp.png",
         "assets/images/Kony airlines/Screenshot_2017-08-29-12-18-11-996_com.kony.FunctionPreviewApp.png",
         "assets/images/Kony airlines/Screenshot_2017-08-29-12-18-23-345_com.kony.FunctionPreviewApp.png",
         "assets/images/Kony airlines/Screenshot_2017-08-29-12-18-28-871_com.kony.FunctionPreviewApp.png",
         "assets/images/Kony airlines/Screenshot_2017-08-29-12-18-45-804_com.kony.FunctionPreviewApp.png"
                                                                                                
                                                                                                ]
        },
        {
            "id" : "p6",
            "name" : "Enterprise Mobile4 ",
            "categoryUrl" : "assets/images/library_category_icons/ai_label_icon.png",
            "app_icon":"../../assets/images/library_icons/Ethihad_icon.png",
            "category": "Mobile",
            "domain" : "Retail",
            "uploadDate": "12/01/2017",
            "rating": 5,
            "ratingUrl":"assets/images/star5.png",   
            "accronym": "IOT",
            "popularity": 10,         
            "title" : "Etihad",
            "industry" :"P&R",
            "shortDescription" : "Experience the Etihad luxury with a single click",
            "description" : "Make travel plans on the move with the all new and improved Etihad app. This app allows you to organize every aspect of your trip, book flights, check in flights, get mobile boarding passes, check flight status and much more, simply from your mobile phone.",
            "thumbnail_url" :"",
            "playstore_url" :"",
            "ios_url" : "",
            "platform":"",
             "screenshots": [
                 "assets/images/Ethihad/2017-08-29 12.24.57.png",
         "assets/images/Ethihad/Screenshot_2017-08-29-12-20-11.png",
         "assets/images/Ethihad/Screenshot_2017-08-29-12-20-47.png",
         "assets/images/Ethihad/Screenshot_2017-08-29-12-21-01.png",
         "assets/images/Ethihad/Screenshot_2017-08-29-12-21-29.png",
         "assets/images/Ethihad/Screenshot_2017-08-29-12-22-12.png"
                    ]
        },
        {
            "id" : "p7",
            "name" : "Enterprise Mobile 5 ",
            "categoryUrl" : "assets/images/library_category_icons/ai_label_icon.png",
            "app_icon":"assets/images/library_icons/hsbc_stocks_icon.png",
            "category": "Desktop",
            "domain" : "Insurance",
            "uploadDate": "12/01/2017",
            "rating": 1,
            "ratingUrl":"assets/images/star.png",   
            "accronym": "IOT",
            "popularity": 4,         
            "title" : "HSBC Stockwatch",
            "industry" :"Banking",
            "shortDescription" : "Stockwatch app to follow the preferred stocks and get insights",
            "description" : "Keeping tabs on your preferred stocks, getting all the latest stock market updates and insight has become easier than ever with the HSBC Stockwatch app. This application helps you stay on top of your trading game with the fastest updates, live quotes, insights and tallies of daily gainers and losers and lot more.",
            "thumbnail_url" :"",
            "playstore_url" :"",
            "ios_url" : "",
            "platform":"",
             "screenshots": [
                "assets/images/hsbc stocks/Screenshot_2017-08-29-12-46-18-384_com.kony.FunctionPreviewApp.png",
         "assets/images/hsbc stocks/Screenshot_2017-08-29-12-48-09-359_com.kony.FunctionPreviewApp.png",
         "assets/images/hsbc stocks/Screenshot_2017-08-29-12-48-19-888_com.kony.FunctionPreviewApp.png",
         "assets/images/hsbc stocks/Screenshot_2017-08-29-12-48-29-186_com.kony.FunctionPreviewApp.png",
         "assets/images/hsbc stocks/Screenshot_2017-08-29-12-48-32-733_com.kony.FunctionPreviewApp.png",
         "assets/images/hsbc stocks/Screenshot_2017-08-29-12-48-50-932_com.kony.FunctionPreviewApp.png"]
        },
        {
            "id" : "p4",
            "name" : "Enterprise Mobile 6 ",
            "categoryUrl" : "assets/images/library_category_icons/vr_label_icon.png",
            "app_icon":"assets/images/library_icons/City Of Toronto_Icon.png",
            "category": "Tablet",
            "domain" : "Retail",
            "uploadDate": "12/01/2017",
            "rating": 5,
            "ratingUrl":"../../assets/images/star3.png",   
            "accronym": "WEB",
            "popularity": 9,         
            "title" : "Toronto Citywatch",
            "industry" :"P&R",
            "shortDescription" :"City watch done through application ",
            "description" :"Gone are the days where you can get away with drawing graffiti. Toronto Citywatch allows real-time monitoring of the city streets with camera capture of interactions and GPS tags of location making city watch a fun and easy job to do.",
            "thumbnail_url" :"",
            "playstore_url" :"",
            "ios_url" : "",
            "platform":"",
             "screenshots": [
                         "assets/images/City of toronto/Screenshot_2017-08-29-12-57-21-519_com.kony.FunctionPreviewApp.png",
         "assets/images/City of toronto/Screenshot_2017-08-29-12-57-26-027_com.kony.FunctionPreviewApp.png",
         "assets/images/City of toronto/Screenshot_2017-08-29-12-58-30-246_com.kony.FunctionPreviewApp.png",
         "assets/images/City of toronto/Screenshot_2017-08-29-12-58-41-899_com.kony.FunctionPreviewApp.png",
         "assets/images/City of toronto/Screenshot_2017-08-29-12-59-27-363_com.kony.FunctionPreviewApp.png",
         "assets/images/City of toronto/Screenshot_2017-08-29-12-59-55-321_com.kony.FunctionPreviewApp.png"
                    ]
        },
        {
            "id" : "p4",
            "name" : "Enterprise Mobile 7",
            "categoryUrl" : "assets/images/library_category_icons/mo_label_icon.png",
            "app_icon":"assets/images/library_icons/wha_icon.png",
            "category": "Mobile",
            "domain" : "Insurance",
            "uploadDate": "12/01/2017",
            "rating": 2,
            "ratingUrl":"assets/images/star.png",   
            "accronym": "AR",
            "popularity": 6,         
            "title" : "WHA Insurance +",
            "industry" :"Healthcare",
            "shortDescription" : "Application to explore, select and the buy the right insurance plan",
            "description" : "Application developed for the WHA customers to find providers, get claim details, explore benefit plans and refer friends to earn redemption points. Now all information you need to know about your health insurance are on your fingertips with features to view and compare plan benefits, claim online and get live assistance.",
            "thumbnail_url" :"",
            "playstore_url" :"",
            "ios_url" : "",
            "platform":"",
             "screenshots": [
                "assets/images/wha/Screenshot_2017-08-29-12-59-36.png",
         "assets/images/wha/Screenshot_2017-08-29-13-00-01.png",
         "assets/images/wha/Screenshot_2017-08-29-13-06-02.png",
         "assets/images/wha/Screenshot_2017-08-29-13-06-10.png",
         "assets/images/wha/Screenshot_2017-08-29-13-06-35.png",
         "assets/images/wha/Screenshot_2017-08-29-13-06-47.png"
     ]
        },
        {
            "id" : "p4",
            "name" : "Enterprise Mobile 8 ",
            "categoryUrl" : "assets/images/library_category_icons/ar_label_icon.png",
            "app_icon":"assets/images/library_icons/pepsico_icon.png",
            "category": "Desktop",
            "domain" : "Retail",
            "uploadDate": "12/01/2017",
            "rating": 3,
            "ratingUrl":"../../assets/images/star3.png",   
            "accronym": "AR",
            "popularity": 5,         
            "title" : "Pepsi Store",
            "industry" :"P&R",
            "shortDescription" : "E-commerce app to buy Pepsi products online",
            "description" : "Pepsi Store app brings to you the complete line of Pepsi offerings. With Pepsi store bringing the goodness of Pepsi products to your doorstep, Pepsi products have never tasted better. Features of Pepsi store include exploring the world of Pepsi, purchasing the products and tracking your order.",
            "thumbnail_url" :"",
            "playstore_url" :"",
            "ios_url" : "",
            "platform":"",
             "screenshots": [
           "assets/images/pepsico/Screenshot_2017-08-29-13-05-24-749_com.kony.FunctionPreviewApp.png",
         "assets/images/pepsico/Screenshot_2017-08-29-13-06-03-325_com.kony.FunctionPreviewApp.png",
         "assets/images/pepsico/Screenshot_2017-08-29-13-06-08-579_com.kony.FunctionPreviewApp.png",
         "assets/images/pepsico/Screenshot_2017-08-29-13-06-13-203_com.kony.FunctionPreviewApp.png",
         "assets/images/pepsico/Screenshot_2017-08-29-13-06-19-692_com.kony.FunctionPreviewApp.png",
         "assets/images/pepsico/Screenshot_2017-08-29-13-06-23-660_com.kony.FunctionPreviewApp.png"
                    ]
        },
        {
            "id" : "p4",
            "name" : "Enterprise Mobile 9 ",
            "categoryUrl" : "assets/images/library_category_icons/de_label_icon.png",
            "app_icon":"../../assets/images/library_icons/pepsico_ambassador_icon.png",
            "category": "Tablet",
            "domain" : "Insurance",
            "uploadDate": "12/01/2017",
            "rating": 2,
            "ratingUrl":"../../assets/images/star3.png",   
            "accronym": "AR",
            "popularity": 6,         
            "title" : "Pepsi Ambassador",
            "industry" :"P&R",
            "shortDescription" : "Utility app for Pepsico ambassadors",
            "description" : "Pepsi ambassador allows to access information about acquisition, competitor product, shortfall, online opportunities and much more. It also enables the Pepsi ambassador to efficiently manage the day by allowing them to organize calendars and join conferences through broadcast model.",
            "thumbnail_url" :"",
            "playstore_url" :"",
            "ios_url" : "",
            "platform":"",
             "screenshots": [
                        "assets/images/pepsico_ambassador/Screenshot_2017-08-29-13-10-45-771_com.kony.FunctionPreviewApp.png",
                        "assets/images/pepsico_ambassador/Screenshot_2017-08-29-13-10-52-402_com.kony.FunctionPreviewApp.png",
                        "assets/images/pepsico_ambassador/Screenshot_2017-08-29-13-11-38-579_com.kony.FunctionPreviewApp.png",
                        "assets/images/pepsico_ambassador/Screenshot_2017-08-29-13-13-32-732_com.kony.FunctionPreviewApp.png",
                        "assets/images/pepsico_ambassador/Screenshot_2017-08-29-13-14-05-974_com.kony.FunctionPreviewApp.png",
                        "assets/images/pepsico_ambassador/Screenshot_2017-08-29-13-14-13-627_com.kony.FunctionPreviewApp.png"
                    ]
        },
        {
            "id" : "p4",
            "name" : "Enterprise Mobile 10 ",
            "categoryUrl" : "../../assets/images/label.png",
            "app_icon":"../../assets/images/library_icons/mattel_icon.png",
            "category": "Tablet",
            "domain" : "Insurance",
            "uploadDate": "12/01/2017",
            "rating": 2,
            "ratingUrl":"../../assets/images/star3.png",   
            "accronym": "VR",
            "popularity": 6,         
            "title" : "Mattel Gamestore",
            "industry" :"P&R",
            "shortDescription" : "Online store application to explore and purchase mattel toys",
            "description" : "Mattel Gamestore app is your one-stop destination to buy all genuine Mattel products. The app allows you to browse through the complete catlaogue of Mattel products, purchase and track orders with a few clicks and provides exclusive access to special offers.",
            "thumbnail_url" :"",
            "playstore_url" :"",
            "ios_url" : "",
            "platform":"",
             "screenshots": ["assets/images/mattel/Screenshot_2017-08-29-13-16-31.png",
                        "assets/images/mattel/Screenshot_2017-08-29-13-17-07.png",
                        "assets/images/mattel/Screenshot_2017-08-29-13-17-58.png",
                        "assets/images/mattel/Screenshot_2017-08-29-13-18-10.png"
                    ]
        },
        {
            "id" : "p4",
            "name" : "Enterprise Mobile 11 ",
            "categoryUrl" : "../../assets/images/label.png",
            "app_icon":"../../assets/images/library_icons/service_link_icon.png",
            "category": "Tablet",
            "domain" : "Insurance",
            "uploadDate": "12/01/2017",
            "rating": 3,
            "ratingUrl":"../../assets/images/star3.png",   
            "accronym": "VR",
            "popularity": 4,         
            "title" : "SL Wealth Manager",
            "industry" :"P&R",
            "shortDescription" :"Wealth management app for field advisors",
            "description" : "This app provides all the wealth management tips and assistance that a field advisor would need. Planning meetings, organizing calendars, getting latest updates on wealth management tips are just a few of the plethora of features that SL Wealth Manager brings to your pocket.",
            "thumbnail_url" :"",
            "playstore_url" :"",
            "ios_url" : "",
            "platform":"",
             "screenshots": ["assets/images/service link/Screenshot_2017-08-29-13-22-36-383_com.kony.FunctionPreviewApp.png",
                        "assets/images/service link/Screenshot_2017-08-29-13-22-44-722_com.kony.FunctionPreviewApp.png",
                        "assets/images/service link/Screenshot_2017-08-29-13-22-54-267_com.kony.FunctionPreviewApp.png",
                        "assets/images/service link/Screenshot_2017-08-29-13-23-06-183_com.kony.FunctionPreviewApp.png",
                        "assets/images/service link/Screenshot_2017-08-29-13-23-20-000_com.kony.FunctionPreviewApp.png"
                    ]
        },
        {
            "id" : "p4",
            "name" : "Enterprise Mobile 12",
            "categoryUrl" : "../../assets/images/label.png",
            "app_icon":"../../assets/images/library_icons/Field Service -Order Execution_icon.png",
            "category": "Tablet",
            "domain" : "Insurance",
            "uploadDate": "12/01/2017",
            "rating": 2,
            "ratingUrl":"../../assets/images/star3.png",   
            "accronym": "VR",
            "popularity": 6,         
            "title" : "FS optimizer",
            "industry" :"General",
            "shortDescription" : "Inventory and work force management app for field technicians",
            "description" : "FS Optimizer is the only productivity application that you will need as a field technician. This application allows you to do your field tasks with ease by managing status with real-time update on SAP®, ensuring the availability of materials to mitigate service delays, checking inventory real-time and ensuring seamless collaboration between technicians and customers.",
            "thumbnail_url" :"",
            "playstore_url" :"",
            "ios_url" : "",
            "platform":"",
             "screenshots": ["assets/images/Field Service -Order Execution/Screenshot_2017-08-29-13-26-03-376_com.kony.FunctionPreviewApp.png",
                        "assets/images/Field Service -Order Execution/Screenshot_2017-08-29-13-27-53-480_com.kony.FunctionPreviewApp.png",
                        "assets/images/Field Service -Order Execution/Screenshot_2017-08-29-13-28-06-911_com.kony.FunctionPreviewApp.png",
                        "assets/images/Field Service -Order Execution/Screenshot_2017-08-29-13-28-15-196_com.kony.FunctionPreviewApp.png",
                        "assets/images/Field Service -Order Execution/Screenshot_2017-08-29-13-28-19-695_com.kony.FunctionPreviewApp.png",
                        "assets/images/Field Service -Order Execution/Screenshot_2017-08-29-13-28-25-047_com.kony.FunctionPreviewApp.png"]
        },
        {
            "id" : "p4",
            "name" : "Enterprise Mobile 13 ",
            "categoryUrl" : "../../assets/images/label.png",
            "app_icon":"../../assets/images/library_icons/field services- notification management_icon.png",
            "category": "Tablet",
            "domain" : "Insurance",
            "uploadDate": "12/01/2017",
            "rating": 2,
            "ratingUrl":"../../assets/images/star3.png",   
            "accronym": "AR",
            "popularity": 6,         
            "title" : "FS Notify me",
            "industry" :"General",
            "shortDescription" : "Wearable ready, Workflow management app",
            "description" : "FS Notify me, now wearable enabled, makes lives of field supervisors a fun ride.It captures and manages notifications assigned to field supervisors and converts them to work orders, identifies and responds to prioritized and scheduled requests, communicates contextually with customers and contacts, manages documents and other types of attachments.",
            "thumbnail_url" :"",
            "playstore_url" :"",
            "ios_url" : "",
            "platform":"",
             "screenshots": [
                        "assets/images/field services- notification management/Screenshot_2017-08-29-13-31-31-724_com.kony.FunctionPreviewApp.png",
                        "assets/images/field services- notification management/Screenshot_2017-08-29-13-31-39-057_com.kony.FunctionPreviewApp.png",
                        "assets/images/field services- notification management/Screenshot_2017-08-29-13-31-43-747_com.kony.FunctionPreviewApp.png",
                        "assets/images/field services- notification management/Screenshot_2017-08-29-13-31-52-642_com.kony.FunctionPreviewApp.png",
                        "assets/images/field services- notification management/Screenshot_2017-08-29-13-32-14-026_com.kony.FunctionPreviewApp.png",
                        "assets/images/field services- notification management/Screenshot_2017-08-29-13-32-26-629_com.kony.FunctionPreviewApp.png"]
        },
        {
            "id" : "p4",
            "name" : "Enterprise Mobile 14 ",
            "categoryUrl" : "../../assets/images/label.png",
            "app_icon":"../../assets/images/library_icons/nuhome_icon.png",
            "category": "Tablet",
            "domain" : "Insurance",
            "uploadDate": "12/01/2017",
            "rating": 2,
            "ratingUrl":"../../assets/images/star3.png",   
            "accronym": "WEB",
            "popularity": 6,         
            "title" : "nuHome offers",
            "industry" :"P&R",
            "shortDescription" : "App that presents the collection of offers and coupons form your locality",
            "description" : "nuHome offers application is all you need to make the most your neighbourhood. nuHome recognizes your locality and prefernces and brings you the prefect offers from your neighbourhood, tailored to your needs and wants. ",
            "thumbnail_url" :"",
            "playstore_url" :"",
            "ios_url" : "",
            "platform":"",
             "screenshots": ["assets/images/nuhome/Screenshot_2017-08-29-13-32-12.png",
                        "assets/images/nuhome/Screenshot_2017-08-29-13-33-10.png",
                        "assets/images/nuhome/Screenshot_2017-08-29-13-33-38.png",
                        "assets/images/nuhome/Screenshot_2017-08-29-13-34-23.png",
                        "assets/images/nuhome/Screenshot_2017-08-29-13-34-51.png",
                        "assets/images/nuhome/Screenshot_2017-08-29-13-35-03.png"
                    ]
        },
        {
            "id" : "p4",
            "name" : "Enterprise Mobile 15",
            "categoryUrl" : "../../assets/images/label.png",
            "app_icon":"../../assets/images/library_icons/kony_e-proof_of_delivery_icon.png",
            "category": "Tablet",
            "domain" : "Insurance",
            "uploadDate": "12/01/2017",
            "rating": 2,
            "ratingUrl":"../../assets/images/star3.png",   
            "accronym": "WEB",
            "popularity": 6,         
            "title" : "Safe Delivery",
            "industry" :"P&R",
            "shortDescription" : "App that ensures safe delivery through digital proof",
            "description" : "Safe Delivery brings to you a set of features that will make the delivery process simple and hassle-free. This application allows you to schedule deliveries, plan accordingly and ensure safe and correct delivery  thorugh electronic proof of delivery while eliminating the need to carry handheld devices.",
            "thumbnail_url" :"",
            "playstore_url" :"",
            "ios_url" : "",
            "platform":"",
             "screenshots": [
                        "assets/images/kony e-proof of delivery/Screenshot_2017-08-29-13-36-48-415_com.kony.FunctionPreviewApp.png",
                        "assets/images/kony e-proof of delivery/Screenshot_2017-08-29-13-37-15-661_com.kony.FunctionPreviewApp.png",
                        "assets/images/kony e-proof of delivery/Screenshot_2017-08-29-13-37-31-808_com.kony.FunctionPreviewApp.png",
                        "assets/images/kony e-proof of delivery/Screenshot_2017-08-29-13-37-41-241_com.kony.FunctionPreviewApp.png",
                        "assets/images/kony e-proof of delivery/Screenshot_2017-08-29-13-37-48-766_com.kony.FunctionPreviewApp.png",
                        "assets/images/kony e-proof of delivery/Screenshot_2017-08-29-13-37-55-015_com.kony.FunctionPreviewApp.png"]
        },
        {
            "id" : "p4",
            "name" : "Enterprise Mobile 16 ",
            "categoryUrl" : "../../assets/images/label.png",
            "app_icon":"../../assets/images/library_icons/deutsche work_icon.png",
            "category": "Tablet",
            "domain" : "Insurance",
            "uploadDate": "12/01/2017",
            "rating": 2,
            "ratingUrl":"../../assets/images/star3.png",   
            "accronym": "AR",
            "popularity": 6,         
            "title" : "DB Money manager",
            "industry" :"Banking",
            "shortDescription" : "Investment portfolio manager - digitized as an app",
            "description" : "DB Money manager is the one application you will need to manage your assets and investment portfolio. It is right called the Money manager since it's not just an app but enables you to take decisions wisely through its intuitive uX design and features.",
            "thumbnail_url" :"",
            "playstore_url" :"",
            "ios_url" : "",
            "platform":"",
             "screenshots": [


                        "assets/images/deutsche work/Screenshot_2017-08-29-13-41-04.png",
                        "assets/images/deutsche work/Screenshot_2017-08-29-13-41-42.png",
                        "assets/images/deutsche work/Screenshot_2017-08-29-13-41-55.png",
                        "assets/images/deutsche work/Screenshot_2017-08-29-13-42-02.png",
                        "assets/images/deutsche work/Screenshot_2017-08-29-13-42-25.png",
                        "assets/images/deutsche work/Screenshot_2017-08-29-13-42-38.png"
]





        }


    ]
}
