{"category" :[
                {"id":"chatbot", "name":"ChatBot"},
                {"id":"bots", "name": "Bots"},
                {"id":"meanstack", "name": "Mean Stack"},
                {"id":"internet", "name": "Internet of Things"},
                {"id":"react", "name": "REACT"},
                {"id":"cognitive", "name": "Cognitive Computing"},
                {"id":"aiinsurance", "name": "AI Insurance"},
                {"id":"glass", "name": "Google Glass"},
                {"id":"fintech", "name": "AWS Fintech"},
                {"id":"awsinsurance", "name": "AWS Insurance"},
                {"id":"mobile", "name": "Enterprise Mobile"},
                {"id":"arretail", "name": "AR Retail"},
                {"id":"drones", "name": "Drones"},
                {"id":"vrretail", "name": "VR Retail"},
                {"id":"uav", "name": "Unmanned Air Vehicle"}
    ]
}

